{"D01 Boat Quay / Raffles Place / Marina": [1.2868067333333333, 103.8546489108898], "D02 Chinatown / Tanjong Pagar": [1.279774575, 103.84496550804927], "D03 Alexandra / Commonwealth": [1.2919442499999998, 103.80016950000001], "D04 Harbourfront / Telok Blangah": [1.2681910250000001, 103.81562328327865], "D05 Buona Vista / West Coast / Clementi": [1.3107776166666667, 103.77131336494593], "D06 City Hall / Clarke Quay": [1.29063425, 103.84953619135193], "D07 Beach Road / Bugis / Rochor": [1.3017315333333332, 103.8568726956578], "D08 Farrer Park / Serangoon Rd": [1.31866335, 103.8599783], "D09 Orchard / River Valley": [1.300401975, 103.8327819639781], "D10 Tanglin / Holland": [26.90928735, 54.4399275], "D11 Newton / Novena": [1.316854475, 103.84096079114614], "D12 Balestier / Toa Payoh": [1.3308083, 103.84852814999999], "D13 Macpherson / Potong Pasir": [1.3288104, 103.87932240290547], "D14 Eunos / Geylang / Paya Lebar": [1.3184891, 103.89409930822494], "D15 East Coast / Marine Parade": [1.30043025, 103.89234655], "D16 Bedok / Upper East Coast": [1.31835185, 103.92796735], "D17 Changi Airport / Changi Village": [1.373464725, 103.98862382282985], "D18 Pasir Ris / Tampines": [1.36384175, 103.9464131], "D19 Hougang / Punggol / Sengkang": [1.3892931666666666, 103.89656823181734], "D20 Ang Mo Kio / Bishan / Thomson": [1.3662606666666666, 103.84243405830979], "D21 Clementi Park / Upper Bukit Timah": [1.338079375, 103.76895426610122], "D22 Boon Lay / Jurong / Tuas": [1.312827, 103.6843142], "D23 Bukit Batok / Bukit Panjang / Choa Chu Kang": [1.3707638, 103.75233676666666], "D24 Lim Chu Kang / Tengah": [1.3998728, 103.72287284999999], "D25 Admiralty / Woodlands": [1.4387669500000002, 103.7935876], "D26 Mandai / Upper Thomson": [1.3890865749999999, 103.81793114933393], "D27 Sembawang / Yishun": [1.4404023, 103.8264734], "D28 Seletar / Yio Chu Kang": [1.39581965, 103.8611574]}